Store ID,Platform,City,Pincode
39374,Blinkit,Agra,282001
44371,Blinkit,Agra,282003
43895,Blinkit,Agra,282004
44125,Blinkit,Agra,282004
34412,Blinkit,Agra,282005
35916,Blinkit,Agra,282005
43945,Blinkit,Agra,282006
36784,Blinkit,Agra,282007
33920,Blinkit,Agra,282007
36058,Blinkit,Agra,282010
34676,Blinkit,Ahmedabad,380004
34030,Blinkit,Ahmedabad,380005
35914,Blinkit,Ahmedabad,380006
39336,Blinkit,Ahmedabad,380007
34026,Blinkit,Ahmedabad,380008
34296,Blinkit,Ahmedabad,380009
45016,Blinkit,Ahmedabad,380013
45478,Blinkit,Ahmedabad,380015
35032,Blinkit,Ahmedabad,380015
30560,Blinkit,Ahmedabad,380015
43647,Blinkit,Ahmedabad,380015
41357,Blinkit,Ahmedabad,380022
46317,Blinkit,Ahmedabad,380022
35906,Blinkit,Ahmedabad,380024
41201,Blinkit,Ahmedabad,380026
36862,Blinkit,Ahmedabad,380049
34112,Blinkit,Ahmedabad,380051
35928,Blinkit,Ahmedabad,380051
42572,Blinkit,Ahmedabad,380052
46239,Blinkit,Ahmedabad,380052
38604,Blinkit,Ahmedabad,380052
35648,Blinkit,Ahmedabad,380054
35586,Blinkit,Ahmedabad,380057
38022,Blinkit,Ahmedabad,380057
41147,Blinkit,Ahmedabad,380057
44385,Blinkit,Ahmedabad,380058
36082,Blinkit,Ahmedabad,380059
35528,Blinkit,Ahmedabad,380059
43987,Blinkit,Ahmedabad,380059
36638,Blinkit,Ahmedabad,380060
34402,Blinkit,Ahmedabad,380061
36852,Blinkit,Ahmedabad,380061
43055,Blinkit,Ahmedabad,382007
38408,Blinkit,Ahmedabad,382016
34024,Blinkit,Ahmedabad,382330
39368,Blinkit,Ahmedabad,382330
43762,Blinkit,Ahmedabad,382330
45480,Blinkit,Ahmedabad,382345
35844,Blinkit,Ahmedabad,382405
44335,Blinkit,Ahmedabad,382415
42042,Blinkit,Ahmedabad,382418
34260,Blinkit,Ahmedabad,382418
38470,Blinkit,Ahmedabad,382424
39467,Blinkit,Ahmedabad,382428
35848,Blinkit,Ahmedabad,382443
45688,Blinkit,Ahmedabad,382445
29861,Blinkit,Ahmedabad,382470
35836,Blinkit,Ahmedabad,382470
34258,Blinkit,Ahmedabad,382480
35028,Blinkit,Ahmedabad,382481
43897,Blinkit,Ahmednagar,414001
41317,Blinkit,Ahmednagar,414003
43943,Blinkit,Ajmer,305004
35748,Blinkit,Ajmer,305004
39214,Blinkit,Ajmer,305007
38968,Blinkit,Akola,444001
44187,Blinkit,Aligarh,202001
39932,Blinkit,Aligarh,202001
39162,Blinkit,Aligarh,202001
37752,Blinkit,Aligarh,202001
44375,Blinkit,Aligarh,202002
39661,Blinkit,Alwar,301001
35912,Blinkit,Alwar,301001
35700,Blinkit,Alwar,301018
34354,Blinkit,Alwar,301018
36298,Blinkit,Alwar,301019
37244,Blinkit,Alwar,301705
37866,Blinkit,Ambala,133001
40084,Blinkit,Ambala,134003
40666,Blinkit,Amravati,444603
40731,Blinkit,Amravati,444607
36290,Blinkit,Amritsar,143001
43639,Blinkit,Amritsar,143001
35004,Blinkit,Amritsar,143001
35384,Blinkit,Amritsar,143002
43637,Blinkit,Amritsar,143006
45276,Blinkit,Amritsar,143006
32925,Blinkit,Amritsar,143006
32889,Blinkit,Amritsar,143008
45706,Blinkit,Amroha,244245
40524,Blinkit,Anand,388001
36680,Blinkit,Anand,388001
36868,Blinkit,Anand,388001
45638,Blinkit,Anantapur,515004
41963,Blinkit,Asansol,713301
38876,Blinkit,Asansol,713304
41315,Blinkit,Aurangabad(Mh),431003
41983,Blinkit,Aurangabad(Mh),431003
38836,Blinkit,Aurangabad(Mh),431005
42456,Blinkit,Aurangabad(Mh),431010
45272,Blinkit,Aurangabad(Mh),431010
44179,Blinkit,Aurangabad(Mh),431010
45072,Blinkit,Aurangabad(Mh),431136
46189,Blinkit,Aurangabad(Mh),431604
46613,Blinkit,Azamgarh,276001
39656,Blinkit,Baddi,173205
43551,Blinkit,Bahadurgarh,124507
34724,Blinkit,Bahadurgarh,124507
40530,Blinkit,Bahadurgarh,124508
38598,Blinkit,Ballari,583103
46321,Blinkit,Ballari,583201
45020,Blinkit,Banaskantha,385001
37756,Blinkit,Barabanki,225001
37862,Blinkit,Bardhaman,713103
44183,Blinkit,Bardhaman,713213
43801,Blinkit,Bardhaman,713216
38528,Blinkit,Bareilly,229001
45028,Blinkit,Bareilly,243001
37754,Blinkit,Bareilly,243001
37342,Blinkit,Bareilly,243006
43850,Blinkit,Bareilly,243122
35708,Blinkit,Bareilly,243122
46609,Blinkit,Basti,272001
35710,Blinkit,Bathinda,151001
38478,Blinkit,Bathinda,151001
45807,Blinkit,Bathinda,151203
40403,Blinkit,Begusarai,851101
38206,Blinkit,Belagavi,590010
38188,Blinkit,Belgaum,590006
40144,Blinkit,Bengaluru,560003
42816,Blinkit,Bengaluru,560004
37690,Blinkit,Bengaluru,560004
42474,Blinkit,Bengaluru,560004
30995,Blinkit,Bengaluru,560005
42312,Blinkit,Bengaluru,560005
42818,Blinkit,Bengaluru,560009
31277,Blinkit,Bengaluru,560010
34540,Blinkit,Bengaluru,560013
45744,Blinkit,Bengaluru,560016
31434,Blinkit,Bengaluru,560016
43291,Blinkit,Bengaluru,560016
34780,Blinkit,Bengaluru,560016
44319,Blinkit,Bengaluru,560017
35494,Blinkit,Bengaluru,560017
34742,Blinkit,Bengaluru,560022
34658,Blinkit,Bengaluru,560023
34734,Blinkit,Bengaluru,560024
41361,Blinkit,Bengaluru,560025
37630,Blinkit,Bengaluru,560025
33966,Blinkit,Bengaluru,560025
39526,Blinkit,Bengaluru,560026
38284,Blinkit,Bengaluru,560027
40102,Blinkit,Bengaluru,560029
34350,Blinkit,Bengaluru,560029
37676,Blinkit,Bengaluru,560032
38208,Blinkit,Bengaluru,560032
42124,Blinkit,Bengaluru,560032
42260,Blinkit,Bengaluru,560033
36527,Blinkit,Bengaluru,560034
40076,Blinkit,Bengaluru,560034
31304,Blinkit,Bengaluru,560035
44864,Blinkit,Bengaluru,560035
36730,Blinkit,Bengaluru,560035
40523,Blinkit,Bengaluru,560035
45070,Blinkit,Bengaluru,560036
30632,Blinkit,Bengaluru,560037
38210,Blinkit,Bengaluru,560037
35578,Blinkit,Bengaluru,560037
35568,Blinkit,Bengaluru,560037
41913,Blinkit,Bengaluru,560037
43485,Blinkit,Bengaluru,560037
35558,Blinkit,Bengaluru,560037
33720,Blinkit,Bengaluru,560037
35572,Blinkit,Bengaluru,560037
35088,Blinkit,Bengaluru,560038
30664,Blinkit,Bengaluru,560038
31532,Blinkit,Bengaluru,560041
44079,Blinkit,Bengaluru,560042
30378,Blinkit,Bengaluru,560043
39114,Blinkit,Bengaluru,560043
43063,Blinkit,Bengaluru,560045
45326,Blinkit,Bengaluru,560047
45768,Blinkit,Bengaluru,560048
31320,Blinkit,Bengaluru,560048
30622,Blinkit,Bengaluru,560048
34754,Blinkit,Bengaluru,560048
41359,Blinkit,Bengaluru,560048
45094,Blinkit,Bengaluru,560048
34766,Blinkit,Bengaluru,560049
43443,Blinkit,Bengaluru,560049
34756,Blinkit,Bengaluru,560049
34546,Blinkit,Bengaluru,560050
37674,Blinkit,Bengaluru,560051
36010,Blinkit,Bengaluru,560054
37170,Blinkit,Bengaluru,560056
34610,Blinkit,Bengaluru,560056
41651,Blinkit,Bengaluru,560058
34544,Blinkit,Bengaluru,560059
33415,Blinkit,Bengaluru,560061
40528,Blinkit,Bengaluru,560061
38682,Blinkit,Bengaluru,560064
35894,Blinkit,Bengaluru,560064
38838,Blinkit,Bengaluru,560064
34134,Blinkit,Bengaluru,560064
37430,Blinkit,Bengaluru,560064
30832,Blinkit,Bengaluru,560064
41447,Blinkit,Bengaluru,560064
35264,Blinkit,Bengaluru,560064
41546,Blinkit,Bengaluru,560066
35570,Blinkit,Bengaluru,560066
34835,Blinkit,Bengaluru,560066
44862,Blinkit,Bengaluru,560066
36154,Blinkit,Bengaluru,560066
37688,Blinkit,Bengaluru,560066
30558,Blinkit,Bengaluru,560067
38600,Blinkit,Bengaluru,560067
38212,Blinkit,Bengaluru,560068
36385,Blinkit,Bengaluru,560068
34262,Blinkit,Bengaluru,560068
34994,Blinkit,Bengaluru,560068
30614,Blinkit,Bengaluru,560068
42814,Blinkit,Bengaluru,560068
39459,Blinkit,Bengaluru,560070
44500,Blinkit,Bengaluru,560070
38218,Blinkit,Bengaluru,560070
38252,Blinkit,Bengaluru,560070
44333,Blinkit,Bengaluru,560070
39290,Blinkit,Bengaluru,560072
33838,Blinkit,Bengaluru,560073
39934,Blinkit,Bengaluru,560073
38150,Blinkit,Bengaluru,560073
40150,Blinkit,Bengaluru,560074
37208,Blinkit,Bengaluru,560075
41783,Blinkit,Bengaluru,560075
42100,Blinkit,Bengaluru,560075
34348,Blinkit,Bengaluru,560076
41161,Blinkit,Bengaluru,560076
33992,Blinkit,Bengaluru,560076
41096,Blinkit,Bengaluru,560076
30788,Blinkit,Bengaluru,560076
36375,Blinkit,Bengaluru,560077
33926,Blinkit,Bengaluru,560077
33509,Blinkit,Bengaluru,560077
39058,Blinkit,Bengaluru,560078
37330,Blinkit,Bengaluru,560078
37736,Blinkit,Bengaluru,560078
30566,Blinkit,Bengaluru,560079
39370,Blinkit,Bengaluru,560081
40092,Blinkit,Bengaluru,560082
45076,Blinkit,Bengaluru,560083
31108,Blinkit,Bengaluru,560083
33666,Blinkit,Bengaluru,560084
42310,Blinkit,Bengaluru,560084
40777,Blinkit,Bengaluru,560087
43557,Blinkit,Bengaluru,560087
30993,Blinkit,Bengaluru,560087
37414,Blinkit,Bengaluru,560090
41473,Blinkit,Bengaluru,560091
42172,Blinkit,Bengaluru,560092
43721,Blinkit,Bengaluru,560092
35388,Blinkit,Bengaluru,560092
39340,Blinkit,Bengaluru,560093
33974,Blinkit,Bengaluru,560094
40674,Blinkit,Bengaluru,560094
30377,Blinkit,Bengaluru,560095
38084,Blinkit,Bengaluru,560095
41915,Blinkit,Bengaluru,560096
36535,Blinkit,Bengaluru,560098
34612,Blinkit,Bengaluru,560098
41539,Blinkit,Bengaluru,560100
30720,Blinkit,Bengaluru,560100
31250,Blinkit,Bengaluru,560100
37516,Blinkit,Bengaluru,560100
35322,Blinkit,Bengaluru,560100
41917,Blinkit,Bengaluru,560100
34752,Blinkit,Bengaluru,560100
31025,Blinkit,Bengaluru,560100
44077,Blinkit,Bengaluru,560100
31033,Blinkit,Bengaluru,560100
36818,Blinkit,Bengaluru,560100
40589,Blinkit,Bengaluru,560102
31530,Blinkit,Bengaluru,560102
36475,Blinkit,Bengaluru,560102
38280,Blinkit,Bengaluru,560102
45342,Blinkit,Bengaluru,560102
36222,Blinkit,Bengaluru,560103
31021,Blinkit,Bengaluru,560103
31130,Blinkit,Bengaluru,560103
30771,Blinkit,Bengaluru,560103
43815,Blinkit,Bengaluru,560103
33724,Blinkit,Bengaluru,560104
37808,Blinkit,Bengaluru,560105
37424,Blinkit,Bengaluru,560107
42458,Blinkit,Bengaluru,560108
37584,Blinkit,Bengaluru,560109
30248,Blinkit,Bengaluru,560111
42488,Blinkit,Bengaluru,560113
31462,Blinkit,Bengaluru,560114
34744,Blinkit,Bengaluru,560114
30638,Blinkit,Bengaluru,560114
38146,Blinkit,Bengaluru,560114
30792,Blinkit,Bengaluru,560114
37332,Blinkit,Bengaluru,560114
31244,Blinkit,Bengaluru,560115
35680,Blinkit,Bengaluru,560115
35704,Blinkit,Bengaluru,560119
45783,Blinkit,Bengaluru,562106
41513,Blinkit,Bengaluru,562107
45797,Blinkit,Bengaluru,562107
45881,Blinkit,Bengaluru,562110
40526,Blinkit,Bengaluru,562110
44121,Blinkit,Bengaluru,562114
40532,Blinkit,Bengaluru,562125
34288,Blinkit,Bengaluru,562125
41647,Blinkit,Bengaluru,562149
40680,Blinkit,Bengaluru,562157
38148,Blinkit,Bengaluru,562163
41661,Blinkit,Berhampur,760003
39612,Blinkit,Bhagalpur,812001
42522,Blinkit,Bhagalpur,812005
45925,Blinkit,Bhagalpur,812006
43803,Blinkit,Bhagalpur,813210
45859,Blinkit,Bharatpur,321001
42478,Blinkit,Bharuch,392001
37794,Blinkit,Bharuch,392015
40200,Blinkit,Bharuch,393001
44313,Blinkit,Bharuch,393001
39216,Blinkit,Bhavnagar,364001
44255,Blinkit,Bhavnagar,364003
39936,Blinkit,Bhilai,490020
44944,Blinkit,Bhilai,490023
37760,Blinkit,Bhilai,491001
37628,Blinkit,Bhilai,491001
46923,Blinkit,Bhilwara,311001
44325,Blinkit,Bhiwani,127021
41211,Blinkit,Bhiwani,127021
33405,Blinkit,Bhopal,462003
45632,Blinkit,Bhopal,462003
41739,Blinkit,Bhopal,462010
40192,Blinkit,Bhopal,462011
36323,Blinkit,Bhopal,462022
41537,Blinkit,Bhopal,462022
44119,Blinkit,Bhopal,462022
35688,Blinkit,Bhopal,462023
33101,Blinkit,Bhopal,462026
45694,Blinkit,Bhopal,462030
35318,Blinkit,Bhopal,462030
41825,Blinkit,Bhopal,462036
42112,Blinkit,Bhopal,462038
33097,Blinkit,Bhopal,462039
36327,Blinkit,Bhopal,462039
36678,Blinkit,Bhopal,462042
36339,Blinkit,Bhopal,462043
43199,Blinkit,Bhopal,462043
45338,Blinkit,Bhopal,462044
41056,Blinkit,Bhopal,462047
38288,Blinkit,Bhubaneswar,751009
41727,Blinkit,Bhubaneswar,751010
40864,Blinkit,Bhubaneswar,751012
37750,Blinkit,Bhubaneswar,751016
39408,Blinkit,Bhubaneswar,751019
42182,Blinkit,Bhubaneswar,751024
38108,Blinkit,Bhubaneswar,751024
41159,Blinkit,Bhubaneswar,751029
38886,Blinkit,Bhuj,370001
46851,Blinkit,Bhuj,370040
39334,Blinkit,Bhuj,370205
38596,Blinkit,Bidar,585401
44464,Blinkit,Bihar Sharif,803216
42660,Blinkit,Bijnor,246701
40289,Blinkit,Bikaner,334001
39348,Blinkit,Bikaner,334003
43047,Blinkit,Bilaspur,495001
43061,Blinkit,Bilaspur,495006
46473,Blinkit,Birbhum,731204
37550,Blinkit,Bokaro,827015
30868,Blinkit,Chandigarh,160002
38142,Blinkit,Chandigarh,160014
37468,Blinkit,Chandigarh,160014
31406,Blinkit,Chandigarh,160017
43545,Blinkit,Chandigarh,160019
42562,Blinkit,Chandigarh,160022
44770,Blinkit,Chandigarh,160022
37678,Blinkit,Chandigarh,160022
42464,Blinkit,Chandigarh,160023
42094,Blinkit,Chandigarh,160036
33922,Blinkit,Chandigarh,160036
43295,Blinkit,Chandigarh,160036
44337,Blinkit,Chandigarh,160043
34120,Blinkit,Chandigarh,160047
44980,Blinkit,Chandigarh,160055
36306,Blinkit,Chandigarh,160055
36076,Blinkit,Chandigarh,160101
43241,Blinkit,Chandigarh,160103
38460,Blinkit,Chandrapur,442401
41971,Blinkit,Chennai,600001
38830,Blinkit,Chennai,600007
34792,Blinkit,Chennai,600008
41443,Blinkit,Chennai,600012
45682,Blinkit,Chennai,600014
38366,Blinkit,Chennai,600014
44616,Blinkit,Chennai,600014
40861,Blinkit,Chennai,600015
34946,Blinkit,Chennai,600017
45684,Blinkit,Chennai,600020
34538,Blinkit,Chennai,600020
38368,Blinkit,Chennai,600021
45324,Blinkit,Chennai,600023
30697,Blinkit,Chennai,600023
45929,Blinkit,Chennai,600026
41228,Blinkit,Chennai,600026
44858,Blinkit,Chennai,600028
31861,Blinkit,Chennai,600030
36371,Blinkit,Chennai,600034
31757,Blinkit,Chennai,600037
44660,Blinkit,Chennai,600039
36602,Blinkit,Chennai,600041
39294,Blinkit,Chennai,600041
31669,Blinkit,Chennai,600042
43543,Blinkit,Chennai,600042
34826,Blinkit,Chennai,600044
39466,Blinkit,Chennai,600045
40823,Blinkit,Chennai,600050
41010,Blinkit,Chennai,600050
44303,Blinkit,Chennai,600051
40405,Blinkit,Chennai,600052
37126,Blinkit,Chennai,600053
33988,Blinkit,Chennai,600056
41865,Blinkit,Chennai,600056
41455,Blinkit,Chennai,600061
39826,Blinkit,Chennai,600064
38326,Blinkit,Chennai,600073
35548,Blinkit,Chennai,600076
36220,Blinkit,Chennai,600077
42122,Blinkit,Chennai,600082
31791,Blinkit,Chennai,600083
37700,Blinkit,Chennai,600089
34602,Blinkit,Chennai,600092
41547,Blinkit,Chennai,600094
35546,Blinkit,Chennai,600095
37022,Blinkit,Chennai,600096
40580,Blinkit,Chennai,600097
35326,Blinkit,Chennai,600100
33317,Blinkit,Chennai,600100
35084,Blinkit,Chennai,600102
36473,Blinkit,Chennai,600107
36430,Blinkit,Chennai,600110
35040,Blinkit,Chennai,600117
35672,Blinkit,Chennai,600117
30644,Blinkit,Chennai,600119
46785,Blinkit,Chennai,600123
31862,Blinkit,Chennai,600125
40972,Blinkit,Chennai,600128
35562,Blinkit,Chennai,600130
44618,Blinkit,Chennai,600130
45779,Blinkit,Chennai,603103
37164,Blinkit,Chennai,603103
38260,Blinkit,Chennai,603210
45708,Blinkit,Chikkamagaluru,577101
42618,Blinkit,Chittoor,517502
47035,Blinkit,Coimbatore,641001
39366,Blinkit,Coimbatore,641014
36692,Blinkit,Coimbatore,641015
35956,Blinkit,Coimbatore,641025
35954,Blinkit,Coimbatore,641037
45700,Blinkit,Coimbatore,641041
39048,Blinkit,Coimbatore,641049
39410,Blinkit,Cuttack,753012
44502,Blinkit,Cuttack,753014
38028,Blinkit,Dankuni,712311
44774,Blinkit,Darbhanga,846001
40870,Blinkit,Darbhanga,846004
45586,Blinkit,Darjeeling,734002
40686,Blinkit,Darjeeling,734003
44810,Blinkit,Darjeeling,734003
45811,Blinkit,Darjeeling,734004
40919,Blinkit,Darjeeling,734005
44812,Blinkit,Darjeeling,734006
44299,Blinkit,Darjeeling,734008
44379,Blinkit,Darjeeling,734010
45795,Blinkit,Darjeeling,734012
37868,Blinkit,Davanagere,577004
38516,Blinkit,Davanagere,577201
45762,Blinkit,Davanagere,577502
43635,Blinkit,Dehradun,248001
39453,Blinkit,Dehradun,248001
43899,Blinkit,Dehradun,248001
36066,Blinkit,Dehradun,248001
33796,Blinkit,Dehradun,248001
42166,Blinkit,Dehradun,248002
42170,Blinkit,Dehradun,248005
41295,Blinkit,Dehradun,248005
33924,Blinkit,Dehradun,248007
35316,Blinkit,Dehradun,248007
38464,Blinkit,Dehradun,248007
37162,Blinkit,Dehradun,248009
33413,Blinkit,Dehradun,248009
39460,Blinkit,Dehradun,248011
36640,Blinkit,Dehradun,248013
41203,Blinkit,Dehradun,248014
35314,Blinkit,Dehradun,248121
43399,Blinkit,Dehradun,248140
33798,Blinkit,Dehradun,248171
36774,Blinkit,Dehradun,248171
45851,Blinkit,Dehradun,248198
42897,Blinkit,Deoghar,814112
40819,Blinkit,Deoria,274001
40086,Blinkit,Dewas,455001
38716,Blinkit,Dhanbad,826007
38878,Blinkit,Dhanbad,826007
42810,Blinkit,Dhanbad,826013
41550,Blinkit,Dhanbad,827001
40401,Blinkit,Dharmsala,176215
46733,Blinkit,Dibrugarh,786003
35948,Blinkit,Durgapur,713212
38452,Blinkit,Erode,638011
46661,Blinkit,Etah,207001
45024,Blinkit,Etawah,206001
38966,Blinkit,Faizabad,224001
42993,Blinkit,Faizabad,224001
42859,Blinkit,Faridabad,121001
31252,Blinkit,Faridabad,121001
30725,Blinkit,Faridabad,121002
31454,Blinkit,Faridabad,121003
30322,Blinkit,Faridabad,121003
38608,Blinkit,Faridabad,121004
34836,Blinkit,Faridabad,121004
33682,Blinkit,Faridabad,121005
33419,Blinkit,Faridabad,121006
45266,Blinkit,Faridabad,121006
36230,Blinkit,Faridabad,121006
42388,Blinkit,Faridabad,121007
43097,Blinkit,Faridabad,121007
32571,Blinkit,Faridabad,121007
36946,Blinkit,Faridabad,121008
45274,Blinkit,Faridabad,121008
37066,Blinkit,Faridabad,121009
35638,Blinkit,Faridabad,121010
43239,Blinkit,Faridabad,121010
31394,Blinkit,Faridabad,121010
31306,Blinkit,Faridabad,121012
42738,Blinkit,Faridabad,121013
41215,Blinkit,Farrukhabad,209625
41145,Blinkit,Fatehpur,212601
46731,Blinkit,Firozabad,283135
40288,Blinkit,Firozabad,283203
39364,Blinkit,Firozpur,152001
42853,Blinkit,Gandhidham,370201
37806,Blinkit,Gandhinagar,382010
43191,Blinkit,Gandhinagar,382419
35300,Blinkit,Gandhinagar,382419
40527,Blinkit,Gandhinagar,382421
34666,Blinkit,Gandhinagar,382426
33998,Blinkit,Gandhinagar,382501
41305,Blinkit,Gandhinagar,382721
39444,Blinkit,Ganganagar,335001
39042,Blinkit,Gaya,823001
46024,Blinkit,Gaya,823001
44576,Blinkit,Gaya,823001
33515,Blinkit,Ghaziabad,201001
42294,Blinkit,Ghaziabad,201001
31392,Blinkit,Ghaziabad,201002
38254,Blinkit,Ghaziabad,201002
38152,Blinkit,Ghaziabad,201002
35998,Blinkit,Ghaziabad,201003
31522,Blinkit,Ghaziabad,201003
35576,Blinkit,Ghaziabad,201003
35302,Blinkit,Ghaziabad,201003
43197,Blinkit,Ghaziabad,201003
30303,Blinkit,Ghaziabad,201005
41969,Blinkit,Ghaziabad,201005
41149,Blinkit,Ghaziabad,201007
42104,Blinkit,Ghaziabad,201009
37288,Blinkit,Ghaziabad,201009
43997,Blinkit,Ghaziabad,201009
31675,Blinkit,Ghaziabad,201009
32750,Blinkit,Ghaziabad,201009
34290,Blinkit,Ghaziabad,201009
30865,Blinkit,Ghaziabad,201010
42584,Blinkit,Ghaziabad,201010
31118,Blinkit,Ghaziabad,201011
34614,Blinkit,Ghaziabad,201012
41459,Blinkit,Ghaziabad,201012
34416,Blinkit,Ghaziabad,201013
41701,Blinkit,Ghaziabad,201014
31498,Blinkit,Ghaziabad,201014
35158,Blinkit,Ghaziabad,201014
37588,Blinkit,Ghaziabad,201014
33672,Blinkit,Ghaziabad,201014
34988,Blinkit,Ghaziabad,201015
45322,Blinkit,Ghaziabad,201016
34070,Blinkit,Ghaziabad,201016
30912,Blinkit,Ghaziabad,201016
45032,Blinkit,Ghaziabad,201020
42528,Blinkit,Ghaziabad,201020
45817,Blinkit,Ghaziabad,201102
38610,Blinkit,Ghaziabad,201102
39565,Blinkit,Ghaziabad,201204
43561,Blinkit,Ghaziabad,201206
46529,Blinkit,Ghazipur,233001
34106,Blinkit,Goa,403001
38256,Blinkit,Goa,403004
44043,Blinkit,Goa,403005
42752,Blinkit,Goa,403114
41989,Blinkit,Goa,403401
37876,Blinkit,Goa,403402
33970,Blinkit,Goa,403501
41951,Blinkit,Goa,403501
36389,Blinkit,Goa,403507
43449,Blinkit,Goa,403507
42028,Blinkit,Goa,403509
45164,Blinkit,Goa,403516
34594,Blinkit,Goa,403516
35694,Blinkit,Goa,403517
35000,Blinkit,Goa,403601
41991,Blinkit,Goa,403708
34344,Blinkit,Goa,403711
36024,Blinkit,Goa,403802
40672,Blinkit,Gonda,271003
37084,Blinkit,Gorakhpur,273001
37420,Blinkit,Gorakhpur,273004
40721,Blinkit,Gorakhpur,273008
42949,Blinkit,Gorakhpur,273013
41695,Blinkit,Gorakhpur,273014
39833,Blinkit,Gorakhpur,273015
44668,Blinkit,Gorakhpur,273016
37802,Blinkit,Gorakhpur,273016
35024,Blinkit,Greater Faridabad,121014
34130,Blinkit,Greater Noida,201304
30415,Blinkit,Greater Noida,201304
31446,Blinkit,Greater Noida,201304
33417,Blinkit,Greater Noida,201304
34684,Blinkit,Greater Noida,201304
33099,Blinkit,Greater Noida,201304
38450,Blinkit,Greater Noida,201304
39988,Blinkit,Greater Noida,201304
45552,Blinkit,Greater Noida,201304
34108,Blinkit,Greater Noida,201304
43109,Blinkit,Greater Noida,201304
45078,Blinkit,Greater Noida,201304
42176,Blinkit,Greater Noida,201304
35582,Blinkit,Greater Noida,201304
41657,Blinkit,Greater Noida,201306
34346,Blinkit,Greater Noida,201306
30320,Blinkit,Greater Noida,201306
39990,Blinkit,Greater Noida,201310
34014,Blinkit,Greater Noida,201310
45468,Blinkit,Greater Noida,201310
42662,Blinkit,Greater Noida,201310
31661,Blinkit,Greater Noida,201310
34018,Blinkit,Greater Noida,201310
33539,Blinkit,Greater Noida,201315
39096,Blinkit,Greater Noida,201315
43111,Blinkit,Greater Noida,201315
42302,Blinkit,Greater Noida,201318
36068,Blinkit,Greater Noida,201318
45847,Blinkit,Greater Noida,201318
31377,Blinkit,Greater Noida,201318
43937,Blinkit,Greater Noida,201318
35656,Blinkit,Greater Noida,201318
34730,Blinkit,Greater Noida,201318
32647,Blinkit,Greater Noida,201318
32611,Blinkit,Greater Noida,201318
33545,Blinkit,Greater Noida,201318
42863,Blinkit,Greater Noida,203201
35012,Blinkit,Greater Noida,203207
38454,Blinkit,Gulbarga,585101
41705,Blinkit,Guntur,522001
38468,Blinkit,Guntur,522006
36594,Blinkit,Guntur,522034
46015,Blinkit,Guntur,522202
41307,Blinkit,Gurdaspur,143505
35792,Blinkit,Gurugram,122001
33395,Blinkit,Gurugram,122001
43005,Blinkit,Gurugram,122001
33964,Blinkit,Gurugram,122001
38268,Blinkit,Gurugram,122001
31357,Blinkit,Gurugram,122001
33027,Blinkit,Gurugram,122001
34996,Blinkit,Gurugram,122001
34992,Blinkit,Gurugram,122001
43483,Blinkit,Gurugram,122001
30782,Blinkit,Gurugram,122002
42664,Blinkit,Gurugram,122002
30375,Blinkit,Gurugram,122002
34408,Blinkit,Gurugram,122002
30786,Blinkit,Gurugram,122002
44171,Blinkit,Gurugram,122002
33315,Blinkit,Gurugram,122002
34782,Blinkit,Gurugram,122002
40959,Blinkit,Gurugram,122003
31967,Blinkit,Gurugram,122003
34218,Blinkit,Gurugram,122003
36341,Blinkit,Gurugram,122003
34732,Blinkit,Gurugram,122006
34032,Blinkit,Gurugram,122006
42989,Blinkit,Gurugram,122006
33541,Blinkit,Gurugram,122006
37870,Blinkit,Gurugram,122007
31398,Blinkit,Gurugram,122007
34142,Blinkit,Gurugram,122009
39463,Blinkit,Gurugram,122009
42218,Blinkit,Gurugram,122009
33389,Blinkit,Gurugram,122009
41541,Blinkit,Gurugram,122009
34870,Blinkit,Gurugram,122009
46081,Blinkit,Gurugram,122009
36428,Blinkit,Gurugram,122011
41519,Blinkit,Gurugram,122011
33980,Blinkit,Gurugram,122011
38078,Blinkit,Gurugram,122011
31719,Blinkit,Gurugram,122011
32819,Blinkit,Gurugram,122011
31014,Blinkit,Gurugram,122011
42096,Blinkit,Gurugram,122011
33407,Blinkit,Gurugram,122012
35010,Blinkit,Gurugram,122012
42098,Blinkit,Gurugram,122012
31307,Blinkit,Gurugram,122012
33243,Blinkit,Gurugram,122012
35632,Blinkit,Gurugram,122012
44822,Blinkit,Gurugram,122015
33397,Blinkit,Gurugram,122015
44167,Blinkit,Gurugram,122015
43951,Blinkit,Gurugram,122017
34400,Blinkit,Gurugram,122017
42460,Blinkit,Gurugram,122017
29650,Blinkit,Gurugram,122017
35592,Blinkit,Gurugram,122017
34990,Blinkit,Gurugram,122017
31717,Blinkit,Gurugram,122018
43993,Blinkit,Gurugram,122018
31004,Blinkit,Gurugram,122018
36048,Blinkit,Gurugram,122018
43401,Blinkit,Gurugram,122018
36523,Blinkit,Gurugram,122018
35334,Blinkit,Gurugram,122018
34786,Blinkit,Gurugram,122052
33431,Blinkit,Gurugram,122098
35904,Blinkit,Gurugram,122098
35426,Blinkit,Gurugram,122101
36521,Blinkit,Gurugram,122101
45380,Blinkit,Gurugram,122101
33626,Blinkit,Gurugram,122101
41645,Blinkit,Gurugram,122101
34110,Blinkit,Gurugram,122101
33537,Blinkit,Gurugram,122101
34126,Blinkit,Gurugram,122101
35564,Blinkit,Gurugram,122102
34950,Blinkit,Gurugram,122103
36292,Blinkit,Gurugram,122103
33393,Blinkit,Gurugram,122505
40765,Blinkit,Gurugram,122505
35588,Blinkit,Gurugram,122505
31552,Blinkit,Gurugram,122505
41165,Blinkit,Guwahati,781001
41729,Blinkit,Guwahati,781003
37916,Blinkit,Guwahati,781003
37914,Blinkit,Guwahati,781005
43499,Blinkit,Guwahati,781005
45630,Blinkit,Guwahati,781014
41713,Blinkit,Guwahati,781016
40002,Blinkit,Guwahati,781018
39828,Blinkit,Guwahati,781019
40586,Blinkit,Guwahati,781028
45629,Blinkit,Guwahati,781035
39054,Blinkit,Guwahati,781036
41703,Blinkit,Guwahati,781038
40588,Blinkit,Guwahati,781171
38407,Blinkit,Gwalior,474002
40966,Blinkit,Gwalior,474005
39445,Blinkit,Gwalior,474005
43553,Blinkit,Gwalior,474009
36026,Blinkit,Gwalior,474011
42298,Blinkit,Hajipur,844101
37818,Blinkit,Haldwani,263139
37816,Blinkit,Haldwani,263139
40399,Blinkit,Haldwani,263139
42736,Blinkit,Haldwani,263139
45022,Blinkit,Haldwani,263139
39654,Blinkit,Hamirpur,177001
39046,Blinkit,Hapur,245101
42658,Blinkit,Hardoi,241001
45945,Blinkit,Haridwar,249204
41957,Blinkit,Haridwar,249403
37290,Blinkit,Haridwar,249407
35706,Blinkit,Haridwar,249408
43633,Blinkit,Haridwar,249410
36477,Blinkit,Haridwar,249412
40186,Blinkit,Hassan,573202
41467,Blinkit,Hazaribagh,825301
28759,Blinkit,Hingoli,431513
45036,Blinkit,Hisar,125001
39458,Blinkit,Hisar,125001
36525,Blinkit,Hisar,125005
39358,Blinkit,Hisar,125055
45813,Blinkit,Hooghly,712101
41653,Blinkit,Hooghly,712136
37024,Blinkit,Hooghly,712201
45330,Blinkit,Hooghly,712201
41981,Blinkit,Hooghly,712223
36367,Blinkit,Hooghly,712235
34656,Blinkit,Hooghly,712258
39252,Blinkit,Hoshiarpur,146001
44169,Blinkit,Hoshiarpur,146001
39206,Blinkit,Hosur,635109
42470,Blinkit,Howrah,711101
30663,Blinkit,Howrah,711102
37910,Blinkit,Howrah,711103
36854,Blinkit,Howrah,711202
30819,Blinkit,Howrah,711204
38082,Blinkit,Hubballi,580001
38324,Blinkit,Hubballi,580021
45746,Blinkit,Hubballi,580023
40242,Blinkit,Hyderabad,500001
36860,Blinkit,Hyderabad,500002
41103,Blinkit,Hyderabad,500005
40362,Blinkit,Hyderabad,500005
35646,Blinkit,Hyderabad,500006
40817,Blinkit,Hyderabad,500008
45754,Blinkit,Hyderabad,500008
41225,Blinkit,Hyderabad,500008
30881,Blinkit,Hyderabad,500008
38646,Blinkit,Hyderabad,500010
33874,Blinkit,Hyderabad,500011
34406,Blinkit,Hyderabad,500013
42933,Blinkit,Hyderabad,500015
42030,Blinkit,Hyderabad,500016
41457,Blinkit,Hyderabad,500016
34828,Blinkit,Hyderabad,500018
41721,Blinkit,Hyderabad,500019
35560,Blinkit,Hyderabad,500019
34276,Blinkit,Hyderabad,500020
31424,Blinkit,Hyderabad,500020
45334,Blinkit,Hyderabad,500024
40324,Blinkit,Hyderabad,500026
39457,Blinkit,Hyderabad,500028
40815,Blinkit,Hyderabad,500028
43439,Blinkit,Hyderabad,500029
31237,Blinkit,Hyderabad,500029
35898,Blinkit,Hyderabad,500030
42699,Blinkit,Hyderabad,500030
36872,Blinkit,Hyderabad,500032
38272,Blinkit,Hyderabad,500032
35310,Blinkit,Hyderabad,500032
43691,Blinkit,Hyderabad,500032
34184,Blinkit,Hyderabad,500034
35538,Blinkit,Hyderabad,500034
34338,Blinkit,Hyderabad,500035
37474,Blinkit,Hyderabad,500036
40244,Blinkit,Hyderabad,500038
33135,Blinkit,Hyderabad,500039
40584,Blinkit,Hyderabad,500043
36552,Blinkit,Hyderabad,500046
33525,Blinkit,Hyderabad,500047
43715,Blinkit,Hyderabad,500048
34606,Blinkit,Hyderabad,500048
42036,Blinkit,Hyderabad,500049
34664,Blinkit,Hyderabad,500049
34140,Blinkit,Hyderabad,500049
37626,Blinkit,Hyderabad,500050
40917,Blinkit,Hyderabad,500052
42807,Blinkit,Hyderabad,500054
38612,Blinkit,Hyderabad,500055
34304,Blinkit,Hyderabad,500055
43597,Blinkit,Hyderabad,500057
40246,Blinkit,Hyderabad,500062
42939,Blinkit,Hyderabad,500062
30765,Blinkit,Hyderabad,500067
33531,Blinkit,Hyderabad,500068
40921,Blinkit,Hyderabad,500070
35662,Blinkit,Hyderabad,500072
34284,Blinkit,Hyderabad,500075
40327,Blinkit,Hyderabad,500075
41303,Blinkit,Hyderabad,500076
38722,Blinkit,Hyderabad,500079
35630,Blinkit,Hyderabad,500081
45756,Blinkit,Hyderabad,500081
43811,Blinkit,Hyderabad,500081
35842,Blinkit,Hyderabad,500081
44185,Blinkit,Hyderabad,500081
33513,Blinkit,Hyderabad,500082
34034,Blinkit,Hyderabad,500083
45752,Blinkit,Hyderabad,500083
31514,Blinkit,Hyderabad,500084
34660,Blinkit,Hyderabad,500084
35372,Blinkit,Hyderabad,500084
40250,Blinkit,Hyderabad,500084
40876,Blinkit,Hyderabad,500084
31012,Blinkit,Hyderabad,500085
38474,Blinkit,Hyderabad,500085
36870,Blinkit,Hyderabad,500085
40208,Blinkit,Hyderabad,500086
34302,Blinkit,Hyderabad,500087
38090,Blinkit,Hyderabad,500088
39456,Blinkit,Hyderabad,500089
30729,Blinkit,Hyderabad,500089
45594,Blinkit,Hyderabad,500089
41094,Blinkit,Hyderabad,500089
37684,Blinkit,Hyderabad,500089
31058,Blinkit,Hyderabad,500090
42184,Blinkit,Hyderabad,500091
34008,Blinkit,Hyderabad,500091
40248,Blinkit,Hyderabad,500092
30650,Blinkit,Hyderabad,500096
41525,Blinkit,Hyderabad,500097
41207,Blinkit,Hyderabad,500098
42034,Blinkit,Hyderabad,500100
37088,Blinkit,Hyderabad,500102
34776,Blinkit,Hyderabad,500104
41523,Blinkit,Hyderabad,500114
41987,Blinkit,Hyderabad,500114
42320,Blinkit,Hyderabad,500118
33994,Blinkit,Hyderabad,500118
40583,Blinkit,Hyderabad,501218
45430,Blinkit,Hyderabad,501401
45434,Blinkit,Hyderabad,501505
34552,Blinkit,Hyderabad,502032
37426,Blinkit,Hyderabad,502032
40443,Blinkit,Hyderabad,502034
30741,Blinkit,Hyderabad,502034
43713,Blinkit,Indore,452001
46467,Blinkit,Indore,452001
41461,Blinkit,Indore,452001
33205,Blinkit,Indore,452003
40000,Blinkit,Indore,452006
36056,Blinkit,Indore,452009
43487,Blinkit,Indore,452009
43491,Blinkit,Indore,452010
36333,Blinkit,Indore,452010
44377,Blinkit,Indore,452010
33425,Blinkit,Indore,452010
35228,Blinkit,Indore,452010
40961,Blinkit,Indore,452012
36312,Blinkit,Indore,452012
33203,Blinkit,Indore,452014
46115,Blinkit,Indore,452014
33423,Blinkit,Indore,452016
43497,Blinkit,Indore,452016
43709,Blinkit,Indore,452018
38192,Blinkit,Indore,453331
38198,Blinkit,Indore,453555
35580,Blinkit,Indore,453771
41535,Blinkit,Jabalpur,482001
38102,Blinkit,Jabalpur,482002
38266,Blinkit,Jabalpur,482002
41781,Blinkit,Jabalpur,482003
40082,Blinkit,Jabalpur,482004
45921,Blinkit,Jabalpur,482005
41108,Blinkit,Jabalpur,482008
43495,Blinkit,Jabalpur,482020
37686,Blinkit,Jaipur,302001
36052,Blinkit,Jaipur,302002
30422,Blinkit,Jaipur,302004
42025,Blinkit,Jaipur,302004
44181,Blinkit,Jaipur,302006
30471,Blinkit,Jaipur,302006
31068,Blinkit,Jaipur,302012
36353,Blinkit,Jaipur,302012
31588,Blinkit,Jaipur,302012
37028,Blinkit,Jaipur,302013
38880,Blinkit,Jaipur,302015
36253,Blinkit,Jaipur,302015
34222,Blinkit,Jaipur,302016
38970,Blinkit,Jaipur,302016
35080,Blinkit,Jaipur,302017
43941,Blinkit,Jaipur,302017
35642,Blinkit,Jaipur,302017
36062,Blinkit,Jaipur,302017
39338,Blinkit,Jaipur,302017
33928,Blinkit,Jaipur,302017
42750,Blinkit,Jaipur,302018
35674,Blinkit,Jaipur,302018
34736,Blinkit,Jaipur,302019
39450,Blinkit,Jaipur,302019
30421,Blinkit,Jaipur,302019
35378,Blinkit,Jaipur,302020
42700,Blinkit,Jaipur,302020
42813,Blinkit,Jaipur,302020
35596,Blinkit,Jaipur,302020
44736,Blinkit,Jaipur,302020
35590,Blinkit,Jaipur,302021
44946,Blinkit,Jaipur,302021
43991,Blinkit,Jaipur,302022
37292,Blinkit,Jaipur,302022
37030,Blinkit,Jaipur,302026
39098,Blinkit,Jaipur,302026
45698,Blinkit,Jaipur,302031
34772,Blinkit,Jaipur,302033
33543,Blinkit,Jaipur,302033
36028,Blinkit,Jaipur,302034
37672,Blinkit,Jaipur,302038
33209,Blinkit,Jaipur,302039
44081,Blinkit,Jaipur,302041
39102,Blinkit,Jaipur,302042
38024,Blinkit,Jaipur,303007
37082,Blinkit,Jalandhar,144001
43651,Blinkit,Jalandhar,144001
34114,Blinkit,Jalandhar,144001
36040,Blinkit,Jalandhar,144001
34122,Blinkit,Jalandhar,144001
36080,Blinkit,Jalandhar,144005
38036,Blinkit,Jalandhar,144005
44504,Blinkit,Jalandhar,144008
36261,Blinkit,Jalandhar,144008
41517,Blinkit,Jalgaon,425002
44263,Blinkit,Jammu,180002
37376,Blinkit,Jammu,180002
40727,Blinkit,Jammu,180005
40632,Blinkit,Jammu,180010
44265,Blinkit,Jammu,180011
39452,Blinkit,Jammu,180011
37380,Blinkit,Jammu,180013
37378,Blinkit,Jammu,180020
43901,Blinkit,Jammu,181101
40729,Blinkit,Jammu,181152
41109,Blinkit,Jamnagar,361002
37742,Blinkit,Jamshedpur,831001
36726,Blinkit,Jamshedpur,831001
41531,Blinkit,Jamshedpur,831002
44307,Blinkit,Jamshedpur,831005
36420,Blinkit,Jamshedpur,831011
43809,Blinkit,Jamshedpur,831017
36345,Blinkit,Jamshedpur,831020
41375,Blinkit,Jamshedpur,832109
40963,Blinkit,Jaunpur,222001
37854,Blinkit,Jhansi,284001
44129,Blinkit,Jhansi,284001
41544,Blinkit,Jhansi,284003
37856,Blinkit,Jhansi,284128
39464,Blinkit,Jind,126102
36910,Blinkit,Jodhpur,342001
36768,Blinkit,Jodhpur,342003
38520,Blinkit,Jodhpur,342005
35754,Blinkit,Jodhpur,342011
42160,Blinkit,Junagadh,362001
39614,Blinkit,Kaithal,136027
41101,Blinkit,Kakinada,533001
37020,Blinkit,Kakinada,533003
40094,Blinkit,Kakinada,533005
38086,Blinkit,Kakinada,533103
43595,Blinkit,Kakinada,533107
45927,Blinkit,Kamrup,781006
41471,Blinkit,Kanchipuram,600063
37086,Blinkit,Kanchipuram,600127
45018,Blinkit,Kanchipuram,600127
35552,Blinkit,Kanchipuram,600131
42038,Blinkit,Kanchipuram,600132
36014,Blinkit,Kanchipuram,603002
43547,Blinkit,Kanchipuram,603202
34912,Blinkit,Kanpur,208001
42222,Blinkit,Kanpur,208002
34948,Blinkit,Kanpur,208002
41143,Blinkit,Kanpur,208005
42306,Blinkit,Kanpur,208007
31448,Blinkit,Kanpur,208007
42300,Blinkit,Kanpur,208011
41221,Blinkit,Kanpur,208012
36347,Blinkit,Kanpur,208013
38089,Blinkit,Kanpur,208016
33427,Blinkit,Kanpur,208017
38834,Blinkit,Kanpur,208017
43701,Blinkit,Kanpur,208019
43705,Blinkit,Kanpur,208020
43059,Blinkit,Kanpur,208023
34398,Blinkit,Kanpur,208025
41367,Blinkit,Kanpur,208027
40723,Blinkit,Kanpur,208027
45284,Blinkit,Kapurthala,144401
39050,Blinkit,Kapurthala,144601
40771,Blinkit,Karimnagar,505001
42748,Blinkit,Karnal,132001
35932,Blinkit,Karnal,132001
42220,Blinkit,Karnal,132001
42178,Blinkit,Kashipur,244713
44856,Blinkit,Kavanur,603203
38106,Blinkit,Kavanur,603203
42857,Blinkit,Khammam,507002
37952,Blinkit,Kharagpur,721301
40775,Blinkit,Kheda,387001
39256,Blinkit,Khurda,752050
39056,Blinkit,Kochi,682002
35896,Blinkit,Kochi,682012
37696,Blinkit,Kochi,682020
36310,Blinkit,Kochi,682024
36590,Blinkit,Kochi,682030
35756,Blinkit,Kochi,682032
35852,Blinkit,Kochi,682037
36232,Blinkit,Kochi,682301
39110,Blinkit,Kochi,683101
38466,Blinkit,Kolhapur,416003
45084,Blinkit,Kolhapur,416011
39052,Blinkit,Kolhapur,416012
33547,Blinkit,Kolkata,700001
30668,Blinkit,Kolkata,700002
31015,Blinkit,Kolkata,700006
41552,Blinkit,Kolkata,700006
45470,Blinkit,Kolkata,700007
35122,Blinkit,Kolkata,700008
42040,Blinkit,Kolkata,700014
30551,Blinkit,Kolkata,700015
44582,Blinkit,Kolkata,700015
34136,Blinkit,Kolkata,700016
32504,Blinkit,Kolkata,700017
40767,Blinkit,Kolkata,700019
34874,Blinkit,Kolkata,700019
35016,Blinkit,Kolkata,700020
30817,Blinkit,Kolkata,700023
40974,Blinkit,Kolkata,700024
36036,Blinkit,Kolkata,700027
34790,Blinkit,Kolkata,700028
31404,Blinkit,Kolkata,700028
30752,Blinkit,Kolkata,700029
31059,Blinkit,Kolkata,700030
34872,Blinkit,Kolkata,700032
43107,Blinkit,Kolkata,700033
34728,Blinkit,Kolkata,700034
30872,Blinkit,Kolkata,700037
35794,Blinkit,Kolkata,700038
36531,Blinkit,Kolkata,700039
41955,Blinkit,Kolkata,700039
36554,Blinkit,Kolkata,700040
35082,Blinkit,Kolkata,700042
35994,Blinkit,Kolkata,700046
43599,Blinkit,Kolkata,700047
31189,Blinkit,Kolkata,700047
35834,Blinkit,Kolkata,700050
34668,Blinkit,Kolkata,700051
42987,Blinkit,Kolkata,700051
41465,Blinkit,Kolkata,700052
35886,Blinkit,Kolkata,700053
30492,Blinkit,Kolkata,700054
34270,Blinkit,Kolkata,700056
30446,Blinkit,Kolkata,700061
35542,Blinkit,Kolkata,700061
31390,Blinkit,Kolkata,700064
41365,Blinkit,Kolkata,700067
43103,Blinkit,Kolkata,700070
35594,Blinkit,Kolkata,700078
36226,Blinkit,Kolkata,700080
34726,Blinkit,Kolkata,700084
41262,Blinkit,Kolkata,700086
29859,Blinkit,Kolkata,700089
34674,Blinkit,Kolkata,700091
35832,Blinkit,Kolkata,700091
31166,Blinkit,Kolkata,700092
36467,Blinkit,Kolkata,700099
35908,Blinkit,Kolkata,700099
31316,Blinkit,Kolkata,700099
43437,Blinkit,Kolkata,700102
41309,Blinkit,Kolkata,700102
31468,Blinkit,Kolkata,700102
30801,Blinkit,Kolkata,700104
33978,Blinkit,Kolkata,700108
38258,Blinkit,Kolkata,711104
33668,Blinkit,Kolkata,711106
42524,Blinkit,Kolkata,711112
41153,Blinkit,Konthamuru,533102
38038,Blinkit,Kota,324001
34342,Blinkit,Kota,324005
35942,Blinkit,Kota,324005
36379,Blinkit,Kota,324008
40098,Blinkit,Kota,325201
38514,Blinkit,Kottayam,686002
38606,Blinkit,Kozhikode,673011
39208,Blinkit,Kurnool,518004
38456,Blinkit,Kurukshetra,136118
42422,Blinkit,Kurukshetra,136119
46022,Blinkit,Lakhimpur,262001
39836,Blinkit,Lakhimpur,262701
40968,Blinkit,Latur,413531
35304,Blinkit,Lucknow,226001
31931,Blinkit,Lucknow,226001
34662,Blinkit,Lucknow,226002
39938,Blinkit,Lucknow,226002
43703,Blinkit,Lucknow,226003
43727,Blinkit,Lucknow,226003
34738,Blinkit,Lucknow,226003
36422,Blinkit,Lucknow,226003
42805,Blinkit,Lucknow,226004
36004,Blinkit,Lucknow,226004
39446,Blinkit,Lucknow,226005
36688,Blinkit,Lucknow,226005
30484,Blinkit,Lucknow,226006
43693,Blinkit,Lucknow,226008
41709,Blinkit,Lucknow,226010
39563,Blinkit,Lucknow,226010
39996,Blinkit,Lucknow,226010
36300,Blinkit,Lucknow,226010
43655,Blinkit,Lucknow,226010
41777,Blinkit,Lucknow,226010
39998,Blinkit,Lucknow,226010
36335,Blinkit,Lucknow,226010
30485,Blinkit,Lucknow,226010
42947,Blinkit,Lucknow,226012
41311,Blinkit,Lucknow,226012
34424,Blinkit,Lucknow,226012
35380,Blinkit,Lucknow,226013
31000,Blinkit,Lucknow,226016
39461,Blinkit,Lucknow,226016
41549,Blinkit,Lucknow,226016
35022,Blinkit,Lucknow,226017
33802,Blinkit,Lucknow,226020
42815,Blinkit,Lucknow,226020
36314,Blinkit,Lucknow,226021
39292,Blinkit,Lucknow,226022
44321,Blinkit,Lucknow,226022
33676,Blinkit,Lucknow,226022
30902,Blinkit,Lucknow,226023
42806,Blinkit,Lucknow,226024
35536,Blinkit,Lucknow,226024
34604,Blinkit,Lucknow,226025
35698,Blinkit,Lucknow,226026
30998,Blinkit,Lucknow,226026
36064,Blinkit,Lucknow,226028
34012,Blinkit,Lucknow,226028
31275,Blinkit,Lucknow,226028
43725,Blinkit,Lucknow,226028
31135,Blinkit,Lucknow,226028
31220,Blinkit,Lucknow,226029
36038,Blinkit,Lucknow,226029
41545,Blinkit,Lucknow,226030
31396,Blinkit,Lucknow,226031
34352,Blinkit,Ludhiana,141001
43549,Blinkit,Ludhiana,141001
31092,Blinkit,Ludhiana,141001
45278,Blinkit,Ludhiana,141001
36479,Blinkit,Ludhiana,141001
43851,Blinkit,Ludhiana,141001
31090,Blinkit,Ludhiana,141002
33804,Blinkit,Ludhiana,141003
35668,Blinkit,Ludhiana,141003
38144,Blinkit,Ludhiana,141007
37068,Blinkit,Ludhiana,141008
44329,Blinkit,Ludhiana,141015
43849,Blinkit,Ludhiana,141016
39610,Blinkit,Ludhiana,141401
38370,Blinkit,Ludhiana,142022
44389,Blinkit,Ludhiana,142027
38406,Blinkit,Madurai,625016
42162,Blinkit,Mainpuri,205001
41409,Blinkit,Manali,175131
39660,Blinkit,Mandi,175002
45857,Blinkit,Mandya,571401
41773,Blinkit,Mangalore,575001
37340,Blinkit,Mangalore,575004
46663,Blinkit,Mangalore,575015
37328,Blinkit,Manipal,576104
45550,Blinkit,Mathura,281001
44131,Blinkit,Mathura,281001
39830,Blinkit,Mathura,281004
40096,Blinkit,Mathura,281006
45424,Blinkit,Meerut,250001
36325,Blinkit,Meerut,250001
34358,Blinkit,Meerut,250001
35338,Blinkit,Meerut,250001
39350,Blinkit,Meerut,250001
43198,Blinkit,Meerut,250002
43947,Blinkit,Meerut,250002
31344,Blinkit,Meerut,250004
38404,Blinkit,Meerut,250004
33972,Blinkit,Meerut,250103
44331,Blinkit,Meerut,250110
39332,Blinkit,Mehsana,384002
46367,Blinkit,Mirzapur,231001
41012,Blinkit,Moga,142001
41105,Blinkit,Moradabad,244001
43200,Blinkit,Moradabad,244102
37334,Blinkit,Moradabad,244103
40152,Blinkit,Moradabad,244105
41785,Blinkit,Morbi,363641
31102,Blinkit,Mumbai,400002
40146,Blinkit,Mumbai,400004
38840,Blinkit,Mumbai,400005
30024,Blinkit,Mumbai,400009
37070,Blinkit,Mumbai,400011
41163,Blinkit,Mumbai,400013
34878,Blinkit,Mumbai,400015
34268,Blinkit,Mumbai,400016
34750,Blinkit,Mumbai,400026
43559,Blinkit,Mumbai,400028
37472,Blinkit,Mumbai,400031
44123,Blinkit,Mumbai,400033
42861,Blinkit,Mumbai,400033
37122,Blinkit,Mumbai,400034
37744,Blinkit,Mumbai,400034
31482,Blinkit,Mumbai,400037
39972,Blinkit,Mumbai,400037
42526,Blinkit,Mumbai,400050
34679,Blinkit,Mumbai,400050
44031,Blinkit,Mumbai,400051
37814,Blinkit,Mumbai,400053
33684,Blinkit,Mumbai,400053
39527,Blinkit,Mumbai,400053
33918,Blinkit,Mumbai,400054
39094,Blinkit,Mumbai,400055
34764,Blinkit,Mumbai,400056
36329,Blinkit,Mumbai,400057
36517,Blinkit,Mumbai,400058
35030,Blinkit,Mumbai,400059
30710,Blinkit,Mumbai,400060
43507,Blinkit,Mumbai,400061
39567,Blinkit,Mumbai,400061
37246,Blinkit,Mumbai,400063
36519,Blinkit,Mumbai,400063
41542,Blinkit,Mumbai,400063
43043,Blinkit,Mumbai,400064
35682,Blinkit,Mumbai,400064
38524,Blinkit,Mumbai,400065
43435,Blinkit,Mumbai,400066
35640,Blinkit,Mumbai,400066
44498,Blinkit,Mumbai,400066
43505,Blinkit,Mumbai,400067
36858,Blinkit,Mumbai,400067
34558,Blinkit,Mumbai,400067
34492,Blinkit,Mumbai,400067
41515,Blinkit,Mumbai,400068
33313,Blinkit,Mumbai,400068
35664,Blinkit,Mumbai,400068
30860,Blinkit,Mumbai,400070
41649,Blinkit,Mumbai,400070
35002,Blinkit,Mumbai,400071
44033,Blinkit,Mumbai,400072
35566,Blinkit,Mumbai,400072
41219,Blinkit,Mumbai,400072
37478,Blinkit,Mumbai,400072
40670,Blinkit,Mumbai,400074
31225,Blinkit,Mumbai,400076
33503,Blinkit,Mumbai,400077
44317,Blinkit,Mumbai,400078
34410,Blinkit,Mumbai,400078
35076,Blinkit,Mumbai,400080
31287,Blinkit,Mumbai,400080
34272,Blinkit,Mumbai,400083
38202,Blinkit,Mumbai,400083
35654,Blinkit,Mumbai,400086
43045,Blinkit,Mumbai,400088
34556,Blinkit,Mumbai,400089
44702,Blinkit,Mumbai,400092
30930,Blinkit,Mumbai,400092
44301,Blinkit,Mumbai,400092
43041,Blinkit,Mumbai,400093
30673,Blinkit,Mumbai,400094
36728,Blinkit,Mumbai,400095
41789,Blinkit,Mumbai,400097
34654,Blinkit,Mumbai,400097
33722,Blinkit,Mumbai,400098
37480,Blinkit,Mumbai,400099
31654,Blinkit,Mumbai,400101
34784,Blinkit,Mumbai,400101
42740,Blinkit,Mumbai,400102
34292,Blinkit,Mumbai,400102
39298,Blinkit,Mumbai,400103
30795,Blinkit,Mumbai,400104
36269,Blinkit,Mumbai,400104
43053,Blinkit,Mumbai,400104
42308,Blinkit,Mumbai,400601
39980,Blinkit,Mumbai,400601
36457,Blinkit,Mumbai,400601
38964,Blinkit,Mumbai,400602
35020,Blinkit,Mumbai,400604
42931,Blinkit,Mumbai,400605
41529,Blinkit,Mumbai,400607
44818,Blinkit,Mumbai,400607
36263,Blinkit,Mumbai,400610
39978,Blinkit,Mumbai,400612
34529,Blinkit,Mumbai,400614
43805,Blinkit,Mumbai,400615
35026,Blinkit,Mumbai,400615
34672,Blinkit,Mumbai,400615
35376,Blinkit,Mumbai,400615
36912,Blinkit,Mumbai,400701
34652,Blinkit,Mumbai,400701
36044,Blinkit,Mumbai,400703
38960,Blinkit,Mumbai,400705
45750,Blinkit,Mumbai,400706
45474,Blinkit,Mumbai,400706
34394,Blinkit,Mumbai,400706
31038,Blinkit,Mumbai,400706
40439,Blinkit,Mumbai,400708
31547,Blinkit,Mumbai,400709
43697,Blinkit,Mumbai,400710
42164,Blinkit,Mumbai,401105
42698,Blinkit,Mumbai,401105
44942,Blinkit,Mumbai,401105
36257,Blinkit,Mumbai,401105
33628,Blinkit,Mumbai,401107
37032,Blinkit,Mumbai,401107
44315,Blinkit,Mumbai,401107
41058,Blinkit,Mumbai,401107
39566,Blinkit,Mumbai,401107
34282,Blinkit,Mumbai,401202
42937,Blinkit,Mumbai,401202
42304,Blinkit,Mumbai,401203
37682,Blinkit,Mumbai,401207
39564,Blinkit,Mumbai,401208
35018,Blinkit,Mumbai,401209
36046,Blinkit,Mumbai,401303
44309,Blinkit,Mumbai,401303
34036,Blinkit,Mumbai,401303
39100,Blinkit,Mumbai,401305
39372,Blinkit,Mumbai,401404
39568,Blinkit,Mumbai,402201
44127,Blinkit,Mumbai,410206
34670,Blinkit,Mumbai,410206
32783,Blinkit,Mumbai,410206
41717,Blinkit,Mumbai,410206
37918,Blinkit,Mumbai,410206
45748,Blinkit,Mumbai,410206
38409,Blinkit,Mumbai,410208
34138,Blinkit,Mumbai,410209
31267,Blinkit,Mumbai,410210
36465,Blinkit,Mumbai,410210
38026,Blinkit,Mumbai,410210
36780,Blinkit,Mumbai,410210
37432,Blinkit,Mumbai,410218
46401,Blinkit,Mumbai,410501
37810,Blinkit,Mumbai,421002
39455,Blinkit,Mumbai,421005
37986,Blinkit,Mumbai,421202
41737,Blinkit,Mumbai,421203
34532,Blinkit,Mumbai,421203
39346,Blinkit,Mumbai,421204
42744,Blinkit,Mumbai,421204
35850,Blinkit,Mumbai,421204
38274,Blinkit,Mumbai,421204
32072,Blinkit,Mumbai,421204
34116,Blinkit,Mumbai,421204
43807,Blinkit,Mumbai,421301
42999,Blinkit,Mumbai,421301
36598,Blinkit,Mumbai,421301
36459,Blinkit,Mumbai,421301
34286,Blinkit,Mumbai,421306
37692,Blinkit,Mumbai,421501
34778,Blinkit,Mumbai,421503
41787,Blinkit,Mumbai,421503
39982,Blinkit,Mumbai,421605
37758,Blinkit,Muzaffarnagar,251001
40363,Blinkit,Muzaffarpur,842001
43723,Blinkit,Muzaffarpur,842001
38884,Blinkit,Muzaffarpur,842002
45628,Blinkit,Muzaffarpur,842002
45286,Blinkit,Muzaffarpur,843108
37470,Blinkit,Mysuru,570002
38286,Blinkit,Mysuru,570007
35900,Blinkit,Mysuru,570008
37422,Blinkit,Mysuru,570009
37128,Blinkit,Mysuru,570017
35042,Blinkit,Nadia,741235
39986,Blinkit,Nagpur,440008
45080,Blinkit,Nagpur,440010
36012,Blinkit,Nagpur,440012
37634,Blinkit,Nagpur,440013
41779,Blinkit,Nagpur,440013
38200,Blinkit,Nagpur,440014
36866,Blinkit,Nagpur,440015
41521,Blinkit,Nagpur,440017
42118,Blinkit,Nagpur,440018
42855,Blinkit,Nagpur,440021
37434,Blinkit,Nagpur,440022
41735,Blinkit,Nagpur,440024
42486,Blinkit,Nagpur,440034
46469,Blinkit,Nagpur,440035
36296,Blinkit,Nagpur,440037
37796,Blinkit,Nagpur,440037
43799,Blinkit,Nagpur,441110
41016,Blinkit,Nanded,431605
41014,Blinkit,Narmadapuram,461001
40668,Blinkit,Nashik,422003
41453,Blinkit,Nashik,422004
36682,Blinkit,Nashik,422009
44620,Blinkit,Nashik,422010
36359,Blinkit,Nashik,422011
45588,Blinkit,Nashik,422012
44772,Blinkit,Nashik,422013
41213,Blinkit,Nashik,422101
37338,Blinkit,Navsari,396445
38476,Blinkit,Nellore,524003
45686,Blinkit,Nellore,524004
34748,Blinkit,New Delhi,110001
35540,Blinkit,New Delhi,110002
30908,Blinkit,New Delhi,110003
35298,Blinkit,New Delhi,110005
42032,Blinkit,New Delhi,110005
36383,Blinkit,New Delhi,110005
44173,Blinkit,New Delhi,110006
34762,Blinkit,New Delhi,110007
44311,Blinkit,New Delhi,110007
30775,Blinkit,New Delhi,110007
41973,Blinkit,New Delhi,110008
31245,Blinkit,New Delhi,110008
43541,Blinkit,New Delhi,110008
31045,Blinkit,New Delhi,110008
33996,Blinkit,New Delhi,110009
31084,Blinkit,New Delhi,110009
44327,Blinkit,New Delhi,110009
38832,Blinkit,New Delhi,110010
41018,Blinkit,New Delhi,110012
45642,Blinkit,New Delhi,110014
40004,Blinkit,New Delhi,110014
33758,Blinkit,New Delhi,110015
44578,Blinkit,New Delhi,110015
43099,Blinkit,New Delhi,110015
35584,Blinkit,New Delhi,110015
41223,Blinkit,New Delhi,110015
31494,Blinkit,New Delhi,110016
31606,Blinkit,New Delhi,110016
42120,Blinkit,New Delhi,110016
33982,Blinkit,New Delhi,110017
35156,Blinkit,New Delhi,110017
36267,Blinkit,New Delhi,110017
43105,Blinkit,New Delhi,110017
30836,Blinkit,New Delhi,110017
41301,Blinkit,New Delhi,110017
42048,Blinkit,New Delhi,110017
34020,Blinkit,New Delhi,110018
32038,Blinkit,New Delhi,110018
35390,Blinkit,New Delhi,110018
36426,Blinkit,New Delhi,110018
35840,Blinkit,New Delhi,110018
30987,Blinkit,New Delhi,110018
33401,Blinkit,New Delhi,110019
44381,Blinkit,New Delhi,110019
43555,Blinkit,New Delhi,110019
34746,Blinkit,New Delhi,110019
35574,Blinkit,New Delhi,110019
30708,Blinkit,New Delhi,110020
33433,Blinkit,New Delhi,110020
36302,Blinkit,New Delhi,110021
36778,Blinkit,New Delhi,110021
31645,Blinkit,New Delhi,110022
42576,Blinkit,New Delhi,110024
37026,Blinkit,New Delhi,110024
43365,Blinkit,New Delhi,110024
35554,Blinkit,New Delhi,110024
36908,Blinkit,New Delhi,110025
44175,Blinkit,New Delhi,110025
46020,Blinkit,New Delhi,110025
33674,Blinkit,New Delhi,110025
42180,Blinkit,New Delhi,110027
34422,Blinkit,New Delhi,110027
30985,Blinkit,New Delhi,110027
36424,Blinkit,New Delhi,110028
38364,Blinkit,New Delhi,110029
41205,Blinkit,New Delhi,110030
31264,Blinkit,New Delhi,110030
34686,Blinkit,New Delhi,110030
31322,Blinkit,New Delhi,110032
35008,Blinkit,New Delhi,110032
44539,Blinkit,New Delhi,110033
34300,Blinkit,New Delhi,110033
40252,Blinkit,New Delhi,110034
45845,Blinkit,New Delhi,110034
45232,Blinkit,New Delhi,110034
33421,Blinkit,New Delhi,110034
37014,Blinkit,New Delhi,110034
36387,Blinkit,New Delhi,110035
46791,Blinkit,New Delhi,110036
31178,Blinkit,New Delhi,110037
42812,Blinkit,New Delhi,110037
36455,Blinkit,New Delhi,110038
39886,Blinkit,New Delhi,110040
34144,Blinkit,New Delhi,110041
42746,Blinkit,New Delhi,110041
30299,Blinkit,New Delhi,110042
42997,Blinkit,New Delhi,110042
34180,Blinkit,New Delhi,110043
41959,Blinkit,New Delhi,110043
35918,Blinkit,New Delhi,110044
30940,Blinkit,New Delhi,110044
41977,Blinkit,New Delhi,110045
42046,Blinkit,New Delhi,110045
35332,Blinkit,New Delhi,110045
33912,Blinkit,New Delhi,110045
41979,Blinkit,New Delhi,110046
35634,Blinkit,New Delhi,110047
34278,Blinkit,New Delhi,110048
43995,Blinkit,New Delhi,110049
30724,Blinkit,New Delhi,110049
36690,Blinkit,New Delhi,110051
33391,Blinkit,New Delhi,110051
42574,Blinkit,New Delhi,110051
44666,Blinkit,New Delhi,110052
43101,Blinkit,New Delhi,110052
34830,Blinkit,New Delhi,110053
42811,Blinkit,New Delhi,110054
41553,Blinkit,New Delhi,110055
30790,Blinkit,New Delhi,110055
31642,Blinkit,New Delhi,110057
36042,Blinkit,New Delhi,110057
34280,Blinkit,New Delhi,110057
36265,Blinkit,New Delhi,110058
42108,Blinkit,New Delhi,110058
43001,Blinkit,New Delhi,110059
44776,Blinkit,New Delhi,110059
36319,Blinkit,New Delhi,110059
31589,Blinkit,New Delhi,110059
35160,Blinkit,New Delhi,110059
34527,Blinkit,New Delhi,110059
33529,Blinkit,New Delhi,110059
36070,Blinkit,New Delhi,110059
34596,Blinkit,New Delhi,110062
35838,Blinkit,New Delhi,110063
31086,Blinkit,New Delhi,110063
30779,Blinkit,New Delhi,110065
30942,Blinkit,New Delhi,110065
40529,Blinkit,New Delhi,110065
34220,Blinkit,New Delhi,110066
40585,Blinkit,New Delhi,110067
34264,Blinkit,New Delhi,110068
36481,Blinkit,New Delhi,110068
33680,Blinkit,New Delhi,110068
42466,Blinkit,New Delhi,110070
34554,Blinkit,New Delhi,110070
42058,Blinkit,New Delhi,110070
30474,Blinkit,New Delhi,110070
32681,Blinkit,New Delhi,110070
32607,Blinkit,New Delhi,110074
41877,Blinkit,New Delhi,110074
33990,Blinkit,New Delhi,110075
44538,Blinkit,New Delhi,110075
41321,Blinkit,New Delhi,110075
34404,Blinkit,New Delhi,110075
30900,Blinkit,New Delhi,110076
32748,Blinkit,New Delhi,110077
36060,Blinkit,New Delhi,110077
34418,Blinkit,New Delhi,110077
34420,Blinkit,New Delhi,110078
31218,Blinkit,New Delhi,110078
35330,Blinkit,New Delhi,110078
39354,Blinkit,New Delhi,110078
33353,Blinkit,New Delhi,110080
35374,Blinkit,New Delhi,110080
41313,Blinkit,New Delhi,110084
35690,Blinkit,New Delhi,110084
35658,Blinkit,New Delhi,110084
41297,Blinkit,New Delhi,110085
30850,Blinkit,New Delhi,110085
36308,Blinkit,New Delhi,110085
31348,Blinkit,New Delhi,110085
35636,Blinkit,New Delhi,110085
35324,Blinkit,New Delhi,110085
32036,Blinkit,New Delhi,110085
45092,Blinkit,New Delhi,110085
45855,Blinkit,New Delhi,110085
41975,Blinkit,New Delhi,110086
30693,Blinkit,New Delhi,110087
30175,Blinkit,New Delhi,110088
36451,Blinkit,New Delhi,110089
35328,Blinkit,New Delhi,110090
35644,Blinkit,New Delhi,110091
43939,Blinkit,New Delhi,110091
35798,Blinkit,New Delhi,110091
36034,Blinkit,New Delhi,110092
31408,Blinkit,New Delhi,110092
36782,Blinkit,New Delhi,110092
39562,Blinkit,New Delhi,110092
43649,Blinkit,New Delhi,110092
31372,Blinkit,New Delhi,110092
41217,Blinkit,New Delhi,110092
37586,Blinkit,New Delhi,110093
31648,Blinkit,New Delhi,110093
45704,Blinkit,New Delhi,110093
37740,Blinkit,New Delhi,110095
29581,Blinkit,New Delhi,110095
45288,Blinkit,New Delhi,110096
35920,Blinkit,New Delhi,110096
31260,Blinkit,New Delhi,110096
39468,Blinkit,New Delhi,110096
44662,Blinkit,New Delhi,110096
35460,Blinkit,New Delhi,110097
35660,Blinkit,New Delhi,110099
42983,Blinkit,Nizamabad,503001
34118,Blinkit,Noida,201301
36357,Blinkit,Noida,201301
36432,Blinkit,Noida,201301
44580,Blinkit,Noida,201303
34360,Blinkit,Noida,201303
39924,Blinkit,Noida,201303
33411,Blinkit,Noida,201303
39118,Blinkit,Noida,201303
44257,Blinkit,Noida,201307
35320,Blinkit,Noida,201307
42102,Blinkit,Noida,201309
39611,Blinkit,Noida,201309
33914,Blinkit,Noida,201309
37812,Blinkit,Noida,201309
34600,Blinkit,Noida,201311
34414,Blinkit,Noida,201312
36471,Blinkit,Noida,201312
38092,Blinkit,Noida,201313
41641,Blinkit,Noida,201316
35038,Blinkit,Noida,201316
35702,Blinkit,Noida,201316
31490,Blinkit,Noida,201316
37280,Blinkit,Noida,201316
38042,Blinkit,Noida,201316
36864,Blinkit,Noida,201316
44622,Blinkit,North 24 Parganas,700106
37282,Blinkit,North 24 Parganas,700110
31072,Blinkit,North 24 Parganas,700116
43189,Blinkit,North 24 Parganas,700118
33986,Blinkit,North 24 Parganas,700120
44383,Blinkit,North 24 Parganas,700123
34986,Blinkit,North 24 Parganas,700124
37632,Blinkit,North 24 Parganas,700125
37636,Blinkit,North 24 Parganas,700129
36674,Blinkit,North 24 Parganas,700132
33976,Blinkit,North 24 Parganas,700135
35014,Blinkit,North 24 Parganas,700135
42056,Blinkit,North 24 Parganas,700135
38091,Blinkit,North 24 Parganas,700136
35078,Blinkit,North 24 Parganas,700157
45472,Blinkit,North 24 Parganas,700159
35308,Blinkit,North 24 Parganas,700160
40866,Blinkit,North 24 Parganas,700162
31076,Blinkit,North 24 Parganas,700163
45074,Blinkit,North 24 Parganas,743126
40976,Blinkit,North 24 Parganas,743133
43187,Blinkit,North 24 Parganas,743133
38088,Blinkit,North 24 Parganas,743165
39210,Blinkit,Palwal,121102
42656,Blinkit,Panchkula,134102
37738,Blinkit,Panchkula,134105
42468,Blinkit,Panchkula,134109
32959,Blinkit,Panchkula,134113
44936,Blinkit,Panchkula,134114
36189,Blinkit,Panchkula,134116
42754,Blinkit,Panchkula,134117
42054,Blinkit,Panchkula,134117
43643,Blinkit,Panipat,132103
36286,Blinkit,Panipat,132103
38842,Blinkit,Panipat,132104
38794,Blinkit,Panipat,132104
45801,Blinkit,Paschim Bardhaman,815301
39356,Blinkit,Pathankot,145001
40872,Blinkit,Patiala,140401
34530,Blinkit,Patiala,147001
34770,Blinkit,Patiala,147002
35996,Blinkit,Patiala,147004
34396,Blinkit,Patiala,147004
40194,Blinkit,Patiala,147201
45590,Blinkit,Patiala,147301
37874,Blinkit,Patna,800001
39462,Blinkit,Patna,800001
39465,Blinkit,Patna,800001
43729,Blinkit,Patna,800001
38924,Blinkit,Patna,800002
39928,Blinkit,Patna,800006
40878,Blinkit,Patna,800007
41603,Blinkit,Patna,800008
45873,Blinkit,Patna,800008
39984,Blinkit,Patna,800011
43192,Blinkit,Patna,800013
36343,Blinkit,Patna,800020
37336,Blinkit,Patna,800024
36418,Blinkit,Patna,800025
40923,Blinkit,Patna,800026
40040,Blinkit,Patna,800027
39448,Blinkit,Patna,800031
36369,Blinkit,Patna,801105
36259,Blinkit,Patna,801503
44656,Blinkit,Patna,801503
37670,Blinkit,Patna,801503
39449,Blinkit,Patna,801505
40970,Blinkit,Pauri Garhwal,246149
37080,Blinkit,Phagwara,144411
38405,Blinkit,Pottore,680002
44373,Blinkit,Prakasam,523001
36381,Blinkit,Prayagraj,211001
46413,Blinkit,Prayagraj,211001
36469,Blinkit,Prayagraj,211002
41551,Blinkit,Prayagraj,211002
36294,Blinkit,Prayagraj,211003
41451,Blinkit,Prayagraj,211004
44391,Blinkit,Prayagraj,211006
40813,Blinkit,Prayagraj,211008
38214,Blinkit,Prayagraj,211011
45789,Blinkit,Prayagraj,211013
42945,Blinkit,Prayagraj,211015
42480,Blinkit,Prayagraj,211019
39044,Blinkit,Puducherry,605011
37076,Blinkit,Pune,410401
39040,Blinkit,Pune,410507
41445,Blinkit,Pune,411001
32398,Blinkit,Pune,411001
38080,Blinkit,Pune,411001
45282,Blinkit,Pune,411002
36461,Blinkit,Pune,411004
34104,Blinkit,Pune,411004
35910,Blinkit,Pune,411013
30513,Blinkit,Pune,411013
45384,Blinkit,Pune,411014
31466,Blinkit,Pune,411014
38194,Blinkit,Pune,411014
31445,Blinkit,Pune,411014
41707,Blinkit,Pune,411014
30442,Blinkit,Pune,411014
37284,Blinkit,Pune,411015
40725,Blinkit,Pune,411015
36074,Blinkit,Pune,411015
39454,Blinkit,Pune,411016
30667,Blinkit,Pune,411017
35034,Blinkit,Pune,411018
45270,Blinkit,Pune,411018
37078,Blinkit,Pune,411020
31026,Blinkit,Pune,411021
42050,Blinkit,Pune,411021
30579,Blinkit,Pune,411021
38264,Blinkit,Pune,411021
45646,Blinkit,Pune,411021
38724,Blinkit,Pune,411021
31486,Blinkit,Pune,411021
45809,Blinkit,Pune,411027
39832,Blinkit,Pune,411027
41099,Blinkit,Pune,411027
36000,Blinkit,Pune,411028
38204,Blinkit,Pune,411028
35312,Blinkit,Pune,411033
36032,Blinkit,Pune,411033
35676,Blinkit,Pune,411033
35888,Blinkit,Pune,411033
45422,Blinkit,Pune,411033
35382,Blinkit,Pune,411035
34010,Blinkit,Pune,411036
42943,Blinkit,Pune,411037
39342,Blinkit,Pune,411038
41157,Blinkit,Pune,411039
30615,Blinkit,Pune,411040
35532,Blinkit,Pune,411041
42060,Blinkit,Pune,411042
36288,Blinkit,Pune,411043
40104,Blinkit,Pune,411045
45428,Blinkit,Pune,411045
37168,Blinkit,Pune,411045
31214,Blinkit,Pune,411046
41827,Blinkit,Pune,411046
35892,Blinkit,Pune,411046
41533,Blinkit,Pune,411046
34294,Blinkit,Pune,411047
38270,Blinkit,Pune,411047
34768,Blinkit,Pune,411048
38032,Blinkit,Pune,411048
39166,Blinkit,Pune,411052
35534,Blinkit,Pune,411057
30821,Blinkit,Pune,411057
31298,Blinkit,Pune,411057
40106,Blinkit,Pune,411057
33507,Blinkit,Pune,411057
40108,Blinkit,Pune,411057
42476,Blinkit,Pune,411058
34274,Blinkit,Pune,411060
37476,Blinkit,Pune,411060
41829,Blinkit,Pune,411060
36856,Blinkit,Pune,411060
34146,Blinkit,Pune,411061
41168,Blinkit,Pune,411062
35386,Blinkit,Pune,411062
33535,Blinkit,Pune,411068
35647,Blinkit,Pune,411068
36906,Blinkit,Pune,411069
41659,Blinkit,Pune,411070
35262,Blinkit,Pune,412101
45198,Blinkit,Pune,412101
35530,Blinkit,Pune,412101
38602,Blinkit,Pune,412105
41985,Blinkit,Pune,412115
45030,Blinkit,Pune,412201
37210,Blinkit,Pune,412207
35902,Blinkit,Pune,412207
45382,Blinkit,Pune,412207
31364,Blinkit,Pune,412207
40520,Blinkit,Pune,412307
37698,Blinkit,Pune,412307
33409,Blinkit,Pune,412308
46193,Blinkit,Purbi Champaran,845401
46187,Blinkit,Purbi Champaran,845438
40188,Blinkit,Puri,752001
45793,Blinkit,Purnia,854105
41054,Blinkit,Purnia,854301
45130,Blinkit,Raichur,584102
37172,Blinkit,Raipur,492001
37622,Blinkit,Raipur,492001
39360,Blinkit,Raipur,492001
37624,Blinkit,Raipur,492004
41697,Blinkit,Raipur,492013
37018,Blinkit,Raipur,492014
41151,Blinkit,Raipur,492014
45086,Blinkit,Raipur,492014
39825,Blinkit,Raipur,492015
39884,Blinkit,Raipur,492099
36255,Blinkit,Rajkot,360001
40202,Blinkit,Rajkot,360002
45280,Blinkit,Rajkot,360004
35934,Blinkit,Rajkot,360005
36483,Blinkit,Rajkot,360005
43657,Blinkit,Rajkot,360005
37804,Blinkit,Rajkot,360007
45869,Blinkit,Ramgarh,829122
39212,Blinkit,Rampur,244901
36365,Blinkit,Ranchi,834001
36006,Blinkit,Ranchi,834001
35938,Blinkit,Ranchi,834001
37286,Blinkit,Ranchi,834002
35944,Blinkit,Ranchi,834002
40100,Blinkit,Ranchi,834003
43441,Blinkit,Ranchi,834004
40148,Blinkit,Ranchi,834005
42314,Blinkit,Ranchi,834006
39116,Blinkit,Ranchi,834008
37734,Blinkit,Ranchi,834009
40088,Blinkit,Ranchi,834010
45640,Blinkit,Ranchi,835215
42484,Blinkit,Ratlam,457001
41548,Blinkit,Rewa,486004
39829,Blinkit,Rewari,123401
35958,Blinkit,Rewari,123401
36550,Blinkit,Rishikesh,249201
41723,Blinkit,Rishikesh,249203
42462,Blinkit,Rohtak,124001
34680,Blinkit,Rohtak,124001
35006,Blinkit,Rohtak,124001
43989,Blinkit,Rohtak,124001
45386,Blinkit,Rohtak,124021
42995,Blinkit,Rohtak,124021
41543,Blinkit,Roorkee,247666
36054,Blinkit,Roorkee,247667
37860,Blinkit,Rudrapur,263153
38040,Blinkit,Rudrapur,263153
40531,Blinkit,Saharanpur,247001
43277,Blinkit,Saharanpur,247001
40190,Blinkit,Salem,636007
46025,Blinkit,Samastipur,848101
42158,Blinkit,Sangli,416416
40769,Blinkit,Sangrur,148001
42174,Blinkit,Sas Nagar,140301
35750,Blinkit,Sas Nagar,140301
32993,Blinkit,Sas Nagar,140301
43007,Blinkit,Sas Nagar,140301
36529,Blinkit,Sas Nagar,140301
44902,Blinkit,Sas Nagar,140301
37416,Blinkit,Sas Nagar,140301
34536,Blinkit,Sas Nagar,140301
40196,Blinkit,Sas Nagar,140306
43653,Blinkit,Sas Nagar,140306
41869,Blinkit,Sas Nagar,140307
35306,Blinkit,Sas Nagar,140307
42582,Blinkit,Sas Nagar,140307
37680,Blinkit,Sas Nagar,140307
43147,Blinkit,Sas Nagar,140307
42116,Blinkit,Sas Nagar,140308
38526,Blinkit,Sas Nagar,140308
34616,Blinkit,Sas Nagar,140507
34758,Blinkit,Sas Nagar,140603
42755,Blinkit,Sas Nagar,140603
34774,Blinkit,Sas Nagar,140603
43645,Blinkit,Sas Nagar,140603
40484,Blinkit,Sas Nagar,140603
33063,Blinkit,Sas Nagar,140603
36600,Blinkit,Sas Nagar,140603
38186,Blinkit,Sas Nagar,140901
36772,Blinkit,Sas Nagar,140901
36086,Blinkit,Sas Nagar,160059
38034,Blinkit,Sas Nagar,160062
34760,Blinkit,Sas Nagar,160062
36604,Blinkit,Sas Nagar,160062
33962,Blinkit,Sas Nagar,160071
34016,Blinkit,Sas Nagar,160104
40078,Blinkit,Satara,415001
41020,Blinkit,Satna,485001
42808,Blinkit,Shahjahanpur,242001
45871,Blinkit,Shirdi,423109
39250,Blinkit,Sikar,332001
41463,Blinkit,Sikar,332001
39922,Blinkit,Siliguri,734001
39835,Blinkit,Sitapur,261001
39655,Blinkit,Solan,173211
41155,Blinkit,Solapur,413001
40080,Blinkit,Solapur,413004
44393,Blinkit,Solapur,413006
40821,Blinkit,Sonipat,131001
34340,Blinkit,Sonipat,131001
44814,Blinkit,Sonipat,131001
35890,Blinkit,Sonipat,131001
44574,Blinkit,Sonipat,131021
34682,Blinkit,Sonipat,131029
30548,Blinkit,South 24 Parganas,700103
45819,Blinkit,South 24 Parganas,700141
34608,Blinkit,South 24 Parganas,700145
38720,Blinkit,South 24 Parganas,700150
30549,Blinkit,South 24 Parganas,700150
46405,Blinkit,Srikakulam,532001
37124,Blinkit,Surat,394101
43717,Blinkit,Surat,394210
36588,Blinkit,Surat,394510
35550,Blinkit,Surat,394510
41601,Blinkit,Surat,395002
37166,Blinkit,Surat,395004
35936,Blinkit,Surat,395005
35950,Blinkit,Surat,395007
34688,Blinkit,Surat,395007
40811,Blinkit,Surat,395009
37428,Blinkit,Surat,395010
39112,Blinkit,Surat,395011
40587,Blinkit,Surat,395012
35392,Blinkit,Surat,395017
35926,Blinkit,Tadepalli,522501
46403,Blinkit,Tadepalli,522503
44261,Blinkit,Thane,401101
39974,Blinkit,Thane,421305
44816,Blinkit,Thane,421505
40038,Blinkit,Thiruvananthapuram,695003
42985,Blinkit,Thiruvananthapuram,695009
45915,Blinkit,Thiruvananthapuram,695583
39824,Blinkit,Thrissur,680006
38262,Blinkit,Tirupati,517501
45777,Blinkit,Tirupati,517509
38044,Blinkit,Trichy,620017
38922,Blinkit,Tumakuru,572103
39834,Blinkit,Udaipur,313001
36349,Blinkit,Udaipur,313001
39569,Blinkit,Udaipur,313001
45692,Blinkit,Udaipur,313001
36363,Blinkit,Udaipur,313002
36304,Blinkit,Udaipur,313002
36980,Blinkit,Udaipur,313004
38104,Blinkit,Udupi,576101
46249,Blinkit,Ujjain,456001
39992,Blinkit,Ujjain,456001
39837,Blinkit,Una,174303
39160,Blinkit,Unnao,209801
37694,Blinkit,Unnao,209861
36355,Blinkit,Vadodara,390001
36030,Blinkit,Vadodara,390007
36084,Blinkit,Vadodara,390007
40582,Blinkit,Vadodara,390009
36676,Blinkit,Vadodara,390011
44259,Blinkit,Vadodara,390019
42316,Blinkit,Vadodara,390019
41655,Blinkit,Vadodara,390020
41873,Blinkit,Vadodara,390020
34022,Blinkit,Vadodara,390021
42482,Blinkit,Vadodara,390021
43503,Blinkit,Vadodara,390022
41209,Blinkit,Vadodara,390024
39447,Blinkit,Vadodara,390024
42052,Blinkit,Vadodara,390025
34028,Blinkit,Vadodara,391410
42114,Blinkit,Vadodara,391410
45426,Blinkit,Valsad,396001
38882,Blinkit,Vapi,396191
45268,Blinkit,Vapi,396191
45853,Blinkit,Vapi,396230
44664,Blinkit,Varanasi,221001
43699,Blinkit,Varanasi,221002
37016,Blinkit,Varanasi,221002
37912,Blinkit,Varanasi,221002
38290,Blinkit,Varanasi,221002
38216,Blinkit,Varanasi,221005
43501,Blinkit,Varanasi,221005
41319,Blinkit,Varanasi,221007
43707,Blinkit,Varanasi,221011
35922,Blinkit,Varanasi,221106
41363,Blinkit,Varanasi,221106
39451,Blinkit,Vellore,632004
37418,Blinkit,Vellore,632014
40678,Blinkit,Vijayapura,586101
35952,Blinkit,Vijayawada,520003
41607,Blinkit,Vijayawada,520007
35686,Blinkit,Vijayawada,520007
35684,Blinkit,Vijayawada,520007
35930,Blinkit,Vijayawada,520010
39104,Blinkit,Vijayawada,520012
39108,Blinkit,Vijayawada,520015
35960,Blinkit,Vizag,530002
44395,Blinkit,Vizag,530011
36228,Blinkit,Vizag,530013
43057,Blinkit,Vizag,530016
35924,Blinkit,Vizag,530016
36351,Blinkit,Vizag,530017
36224,Blinkit,Vizag,530018
36592,Blinkit,Vizag,530026
41731,Blinkit,Vizag,530027
36321,Blinkit,Vizag,530041
36596,Blinkit,Vizag,530045
39827,Blinkit,Vizag,530046
40074,Blinkit,Vizag,530048
41699,Blinkit,Vizag,530051
39613,Blinkit,Vizianagaram,535003
44982,Blinkit,Vrindavan,281121
38518,Blinkit,Vrindavan,281121
41725,Blinkit,Warangal,506001
41092,Blinkit,Warangal,506002
41479,Blinkit,Warangal,506004
44938,Blinkit,Wardha,442001
41299,Blinkit,West Godavari,534002
40773,Blinkit,West Godavari,534202
41967,Blinkit,Yamunanagar,135001
38458,Blinkit,Yamunanagar,135001
45702,Blinkit,Yavatmal,445001
